timestamp,temperature,humidity,soil_raw,soil_moisture
2026-03-02 22:49:31,25.0,60.0,1674,93
2026-03-02 22:50:37,25.0,60.0,1676,93
2026-03-02 22:51:42,25.0,60.0,1674,93
2026-03-02 22:52:48,25.0,60.0,1687,92
2026-03-02 22:53:52,25.0,60.0,1667,93
2026-03-02 22:55:15,20.8,88.7,1691,92
2026-03-02 22:56:22,20.8,88.4,1684,92
2026-03-02 22:57:26,20.8,88.1,1683,92
2026-03-02 22:58:31,20.2,92.2,1151,100
2026-03-02 22:59:35,19.6,99.9,1212,100
2026-03-02 23:00:43,19.3,99.9,1204,100
2026-03-02 23:01:47,19.1,99.9,1218,100
2026-03-02 23:02:54,18.8,99.9,1227,100
2026-03-02 23:03:58,18.6,99.9,1239,100
2026-03-02 23:05:02,18.4,99.9,1229,100
2026-03-02 23:06:07,18.2,99.9,1232,100
2026-03-02 23:07:12,18.0,99.9,1217,100
2026-03-02 23:08:17,17.8,99.9,1248,100
2026-03-02 23:09:22,17.6,99.9,1241,100
2026-03-02 23:10:26,17.4,99.9,1251,100
2026-03-02 23:11:31,17.3,99.9,1257,100
2026-03-02 23:12:36,17.2,99.9,1264,100
2026-03-02 23:13:41,17.1,99.9,1266,100
2026-03-02 23:14:45,17.0,99.9,1264,100
2026-03-02 23:15:50,17.0,99.9,1472,100
2026-03-02 23:16:55,17.0,99.9,1269,100
2026-03-02 23:18:00,17.0,99.9,1290,100
2026-03-02 23:19:05,16.9,99.9,1266,100
2026-03-02 23:20:10,16.9,99.9,1265,100
2026-03-02 23:21:14,16.9,99.9,1273,100
2026-03-02 23:22:19,16.9,99.9,1282,100
2026-03-02 23:23:24,16.9,99.9,1271,100
2026-03-02 23:24:28,16.9,99.9,1286,100
2026-03-02 23:25:33,16.9,99.9,1280,100
2026-03-02 23:26:36,16.9,99.9,1283,100
2026-03-02 23:27:42,16.9,99.9,1289,100
2026-03-02 23:28:47,16.9,99.9,1291,100
2026-03-02 23:29:52,16.9,99.9,1295,100
2026-03-02 23:30:57,16.9,99.9,1245,100
2026-03-02 23:32:03,16.9,99.9,1301,100
2026-03-02 23:33:08,16.9,99.9,1296,100
2026-03-02 23:34:13,16.9,99.9,1286,100
2026-03-02 23:35:18,16.9,99.9,1248,100
2026-03-02 23:36:22,16.9,99.9,1304,100
2026-03-02 23:37:27,16.9,99.9,1303,100
2026-03-02 23:38:32,16.9,99.9,1307,100
2026-03-02 23:39:37,16.9,99.9,1334,100
2026-03-02 23:40:42,16.9,99.9,1306,100
2026-03-02 23:41:47,16.9,99.9,1311,100
2026-03-02 23:42:52,16.9,99.9,1312,100
2026-03-02 23:43:57,16.9,99.9,1310,100
2026-03-02 23:45:02,16.9,99.9,1311,100
2026-03-02 23:46:06,16.9,99.9,1314,100
2026-03-02 23:48:16,16.9,99.9,1317,100
2026-03-02 23:49:21,16.9,99.9,1327,100
2026-03-02 23:50:26,16.9,99.9,1325,100
2026-03-02 23:51:31,16.9,99.9,1328,100
2026-03-02 23:52:36,16.9,99.9,1323,100
2026-03-02 23:53:42,17.0,99.9,1333,100
2026-03-02 23:54:46,17.0,99.9,1327,100
2026-03-02 23:55:51,16.9,99.9,1328,100
2026-03-02 23:56:55,17.0,99.9,1328,100
2026-03-02 23:58:00,16.9,99.9,1338,100
2026-03-02 23:59:08,17.0,99.9,1328,100
2026-03-03 00:00:11,16.9,99.9,1329,100
2026-03-03 00:01:14,17.0,99.9,1333,100
2026-03-03 00:02:20,17.0,99.9,1335,100
2026-03-03 00:03:23,16.9,99.9,1332,100
2026-03-03 00:04:28,17.0,99.9,1338,100
2026-03-03 00:05:31,17.0,99.9,1341,100
2026-03-03 00:06:36,17.0,99.9,1341,100
2026-03-03 00:07:41,17.0,99.9,1341,100
2026-03-03 00:08:45,17.0,99.9,1348,100
2026-03-03 00:09:49,17.0,99.9,1345,100
2026-03-03 00:10:54,17.0,99.9,1277,100
2026-03-03 00:12:01,17.0,99.9,1354,100
2026-03-03 00:13:09,17.0,99.9,1345,100
2026-03-03 00:14:11,17.0,99.9,1437,100
2026-03-03 00:15:15,17.0,99.9,1337,100
2026-03-03 00:16:23,17.0,99.9,1347,100
2026-03-03 00:17:28,17.0,99.9,1357,100
2026-03-03 00:18:31,17.0,99.9,1359,100
2026-03-03 00:19:38,17.0,99.9,1354,100
2026-03-03 00:20:42,17.0,99.9,1353,100
2026-03-03 00:21:44,17.0,99.9,1355,100
2026-03-03 00:22:50,17.0,99.9,1356,100
2026-03-03 00:23:54,17.0,99.9,1357,100
2026-03-03 00:24:59,17.0,99.9,1363,100
2026-03-03 00:26:04,17.0,99.9,1358,100
2026-03-03 00:27:09,17.0,99.9,1353,100
2026-03-03 00:28:14,17.0,99.9,1361,100
2026-03-03 00:29:19,17.0,99.9,1360,100
2026-03-03 00:30:24,17.0,99.9,1359,100
2026-03-03 00:31:29,16.9,99.9,1360,100
2026-03-03 00:32:33,17.0,99.9,1363,100
2026-03-03 00:33:38,16.9,99.9,1361,100
2026-03-03 00:34:53,16.9,99.9,1431,100
2026-03-03 00:35:59,16.9,99.9,1360,100
2026-03-03 00:37:04,16.9,99.9,1360,100
2026-03-03 00:38:09,16.9,99.9,1360,100
2026-03-03 00:39:14,16.9,99.9,1361,100
2026-03-03 00:40:19,16.9,99.9,1361,100
2026-03-03 00:41:22,16.9,99.9,1361,100
2026-03-03 00:42:27,16.9,99.9,1363,100
2026-03-03 00:43:33,16.9,99.9,1281,100
2026-03-03 00:44:38,16.9,99.9,1367,100
2026-03-03 00:45:43,17.0,99.9,1372,100
2026-03-03 00:46:47,17.0,99.9,1370,100
2026-03-03 00:47:53,17.0,99.9,1382,100
2026-03-03 00:49:01,17.0,99.9,1367,100
2026-03-03 00:50:05,17.0,99.9,1372,100
2026-03-03 00:51:10,17.0,99.9,1371,100
2026-03-03 00:52:15,17.0,99.9,1372,100
2026-03-03 00:53:21,17.0,99.9,1374,100
2026-03-03 00:54:27,17.0,99.9,1266,100
2026-03-03 00:55:31,17.0,99.9,1374,100
2026-03-03 00:56:37,17.0,99.9,1375,100
2026-03-03 00:57:45,17.0,99.9,1374,100
2026-03-03 00:58:50,17.0,99.9,1374,100
2026-03-03 00:59:55,17.0,99.9,1379,100
2026-03-03 01:01:00,17.0,99.9,1377,100
2026-03-03 01:02:05,17.0,99.9,1377,100
2026-03-03 01:03:10,17.0,99.9,1377,100
2026-03-03 01:04:16,17.0,99.9,1376,100
2026-03-03 01:05:21,17.0,99.9,1379,100
2026-03-03 01:06:25,17.0,99.9,1383,100
2026-03-03 01:07:28,17.0,99.9,1382,100
2026-03-03 01:08:35,17.1,99.9,1381,100
2026-03-03 01:09:39,17.0,99.9,1387,100
2026-03-03 01:10:44,17.1,99.9,1386,100
2026-03-03 01:11:47,17.1,99.9,1395,100
2026-03-03 01:12:52,17.1,99.9,1389,100
2026-03-03 01:13:57,17.2,99.9,1406,100
2026-03-03 01:15:02,17.2,99.9,1403,100
2026-03-03 01:16:07,17.3,99.9,1398,100
2026-03-03 01:17:14,17.3,99.9,1399,100
2026-03-03 01:18:19,17.4,99.9,1399,100
2026-03-03 01:19:31,17.4,99.9,1406,100
2026-03-03 01:20:13,17.4,99.9,1409,100
2026-03-03 01:35:18,17.3,99.9,1394,100
2026-03-03 01:50:23,17.2,99.9,1405,100
2026-03-03 02:05:29,17.1,99.9,1412,100
2026-03-03 02:20:34,17.1,99.9,1426,100
2026-03-03 02:35:39,17.1,99.9,1423,100
2026-03-03 02:50:44,17.0,99.9,1427,100
2026-03-03 03:05:49,17.1,99.9,1439,100
2026-03-03 03:20:54,17.0,99.9,1437,100
2026-03-03 03:35:59,17.0,99.9,1443,100
2026-03-03 03:51:04,17.0,99.9,1452,100
2026-03-03 04:06:08,17.0,99.9,1456,100
2026-03-03 04:21:13,17.1,99.9,1457,100
2026-03-03 04:23:13,17.0,99.9,1463,100
2026-03-03 04:38:18,17.0,99.9,1467,100
2026-03-03 04:53:23,17.0,99.9,1462,100
2026-03-03 05:08:28,17.0,99.9,1470,100
2026-03-03 05:23:34,17.0,99.9,1473,100
2026-03-03 05:38:39,16.9,99.9,1481,100
2026-03-03 05:53:44,16.9,99.9,1488,100
2026-03-03 06:08:47,16.9,99.9,1488,100
2026-03-03 06:23:53,16.9,99.9,1490,100
2026-03-03 06:38:57,16.9,99.9,1498,100
2026-03-03 06:54:02,16.9,99.9,1520,99
2026-03-03 07:09:07,16.9,99.9,1506,99
2026-03-03 07:24:14,16.9,99.9,1470,100
2026-03-03 07:39:19,17.0,99.9,1517,99
2026-03-03 07:54:24,17.0,99.9,1520,99
2026-03-03 08:09:29,17.0,99.9,1520,99
2026-03-03 08:24:34,17.1,99.3,1523,99
2026-03-03 08:39:39,17.0,98.8,1525,99
2026-03-03 08:54:44,17.1,98.6,1530,98
2026-03-03 09:09:52,17.0,97.5,1535,98
2026-03-03 09:24:57,16.8,96.8,1535,98
2026-03-03 09:40:10,16.8,96.5,1503,99
2026-03-03 09:55:32,16.7,96.3,1535,98
2026-03-03 10:10:25,16.6,96.3,1511,99
2026-03-03 10:25:31,16.6,96.0,1560,97
2026-03-03 10:40:47,16.5,96.1,1557,97
2026-03-03 10:55:48,16.5,96.3,1555,97
2026-03-03 11:10:53,16.5,96.8,1573,97
2026-03-03 11:25:58,16.5,96.5,1567,97
2026-03-03 11:41:04,16.5,96.6,1578,96
2026-03-03 11:56:09,16.5,96.6,1579,96
2026-03-03 12:11:22,16.5,96.2,1583,96
2026-03-03 12:26:31,16.4,96.2,1601,96
2026-03-03 12:41:35,16.4,96.3,1563,97
2026-03-03 12:56:40,16.4,96.3,1584,96
2026-03-03 13:11:47,16.4,96.3,1590,96
2026-03-03 13:26:52,16.5,96.7,1600,96
2026-03-03 13:41:59,17.0,97.6,1601,96
2026-03-03 13:57:05,17.3,97.4,1604,95
2026-03-03 14:12:09,17.6,97.4,1613,95
2026-03-03 14:27:14,17.8,97.2,1616,95
2026-03-03 14:42:21,18.1,96.9,1625,95
2026-03-03 14:57:46,18.4,96.7,1632,94
2026-03-03 15:12:38,18.4,96.6,1631,94
2026-03-03 15:27:49,18.4,96.8,1632,94
2026-03-03 15:42:54,18.4,96.8,1637,94
2026-03-03 16:13:12,18.6,96.4,1646,94
2026-03-03 16:28:19,18.9,96.3,1707,92
2026-03-03 16:43:23,18.9,95.9,1629,95
2026-03-03 16:58:29,18.9,95.2,1648,94
2026-03-03 17:13:46,18.9,95.9,1651,94
2026-03-03 17:28:44,19.0,94.9,1659,93
2026-03-03 17:43:49,19.1,95.2,1661,93
2026-03-03 17:58:55,19.3,94.5,1665,93
2026-03-03 18:14:00,19.5,94.5,1670,93
2026-03-03 18:29:06,19.7,94.1,1676,93
2026-03-03 18:44:13,19.9,94.5,1680,93
2026-03-03 18:59:18,20.0,94.5,1682,92
2026-03-03 19:29:46,19.6,94.3,1687,92
2026-03-03 19:44:52,19.5,94.9,1681,93
2026-03-03 19:59:58,19.4,94.6,1681,93
2026-03-03 20:15:05,19.3,94.9,1683,92
2026-03-03 20:28:41,19.1,92.7,1698,92
2026-03-03 20:28:52,19.1,93.2,1694,92
2026-03-03 20:43:57,19.4,95.3,1699,92
2026-03-03 20:59:02,19.4,95.5,1702,92
2026-03-03 21:14:08,19.4,95.2,1708,91
2026-03-03 21:29:13,18.4,98.8,2990,42
2026-03-03 21:44:22,18.0,99.9,2347,67
2026-03-03 21:59:24,18.1,99.9,2275,70
2026-03-03 22:14:30,18.2,99.9,2424,64
2026-03-03 22:29:35,18.4,99.9,2131,75
2026-03-03 22:44:39,18.5,99.9,2017,80
2026-03-03 22:59:44,18.5,99.9,2241,71
2026-03-03 23:14:49,18.4,99.9,2287,69
2026-03-03 23:29:53,18.3,99.9,2303,69
2026-03-03 23:44:58,18.3,99.9,2289,69
2026-03-04 00:00:10,18.3,99.9,2326,68
2026-03-04 00:15:15,18.3,99.9,2506,61
2026-03-04 00:30:20,18.5,99.9,2736,52
2026-03-04 00:45:26,18.6,99.9,2919,45
2026-03-04 01:00:31,18.7,99.9,3055,40
2026-03-04 01:15:34,18.6,99.9,3329,29
2026-03-04 01:30:39,18.6,99.9,3509,22
2026-03-04 01:45:44,18.5,99.9,3328,29
2026-03-04 02:00:49,18.5,99.9,2769,51
2026-03-04 02:15:56,18.4,99.9,1633,94
2026-03-04 02:31:00,18.4,99.9,1328,100
2026-03-04 02:46:04,18.4,99.9,1329,100
2026-03-04 03:01:09,18.4,99.9,1333,100
2026-03-04 03:16:14,18.4,99.9,1339,100
2026-03-04 03:31:19,18.4,99.9,1296,100
2026-03-04 03:46:24,18.3,99.9,1344,100
2026-03-04 04:01:29,18.2,99.9,1344,100
2026-03-04 04:12:21,18.2,99.9,1349,100
2026-03-04 04:27:26,18.1,99.9,1346,100
2026-03-04 04:42:31,18.1,99.9,1353,100
2026-03-04 04:57:36,18.1,99.9,1355,100
2026-03-04 05:12:41,18.0,99.9,1368,100
2026-03-04 05:27:46,18.0,99.9,1358,100
2026-03-04 05:42:49,17.9,99.9,1360,100
2026-03-04 05:57:54,17.9,99.9,1360,100
2026-03-04 06:13:01,18.0,99.9,1365,100
2026-03-04 06:28:06,18.0,99.9,1369,100
2026-03-04 06:43:13,18.0,99.9,1335,100
2026-03-04 06:58:19,18.0,99.3,1371,100
2026-03-04 07:13:24,18.0,98.9,1373,100
2026-03-04 07:28:35,17.9,98.8,1375,100
2026-03-04 07:43:40,17.9,98.6,1383,100
2026-03-04 07:58:48,17.8,98.5,1382,100
2026-03-04 08:13:52,17.8,98.0,1360,100
2026-03-04 08:28:57,17.7,97.9,1389,100
2026-03-04 08:44:01,17.6,97.7,1390,100
2026-03-04 08:59:06,17.6,97.8,1393,100
2026-03-04 09:14:12,17.6,98.0,1392,100
2026-03-04 09:29:18,17.6,98.1,1392,100
2026-03-04 09:44:24,17.6,98.9,1403,100
2026-03-04 09:59:29,17.6,98.2,1403,100
2026-03-04 10:14:36,17.5,98.0,1383,100
2026-03-04 10:29:42,17.5,97.7,1405,100
2026-03-04 10:44:48,17.4,97.4,1409,100
2026-03-04 10:59:54,17.3,98.0,1409,100
2026-03-04 11:14:58,17.3,98.1,1413,100
2026-03-04 11:30:03,17.3,98.6,1411,100
2026-03-04 11:45:09,17.3,98.3,1414,100
2026-03-04 12:00:15,17.2,98.1,1415,100
2026-03-04 12:15:22,17.2,97.9,1417,100
2026-03-04 12:30:28,17.2,98.4,1407,100
2026-03-04 12:45:31,17.2,98.3,1424,100
2026-03-04 13:00:38,17.3,98.5,1424,100
2026-03-04 13:15:42,17.3,98.4,1424,100
2026-03-04 13:30:47,17.5,97.9,1425,100
2026-03-04 13:45:55,17.8,96.8,1433,100
2026-03-04 13:51:41,21.1,82.4,1463,100
2026-03-04 13:51:54,21.3,81.1,1457,100
2026-03-04 14:06:56,25.0,65.2,1492,100
2026-03-04 14:22:03,25.2,66.8,1424,100
2026-03-04 14:37:09,23.3,68.9,1374,100
2026-03-04 14:52:14,21.8,62.7,1422,100
2026-03-04 14:55:47,21.6,62.2,1433,100
2026-03-04 15:10:54,20.9,75.4,1424,100
2026-03-04 15:26:00,20.6,81.1,1433,100
2026-03-04 15:41:05,20.0,80.8,1445,100
2026-03-04 15:56:11,19.7,81.8,1445,100
2026-03-04 16:11:14,20.0,80.6,1463,100
2026-03-04 16:26:20,20.2,80.8,1459,100
2026-03-04 16:41:26,20.4,79.9,1461,100
2026-03-04 16:56:29,20.0,81.2,1467,100
2026-03-04 17:11:35,20.0,81.9,1475,100
2026-03-04 17:26:41,20.0,82.6,1468,100
2026-03-04 17:41:48,20.1,82.6,1469,100
2026-03-04 17:56:53,20.2,81.1,1499,100
2026-03-04 18:12:09,20.4,81.4,1475,100
2026-03-04 18:27:07,20.5,81.2,1482,100
2026-03-04 18:42:17,20.5,80.7,1483,100
2026-03-04 18:57:23,20.6,80.6,1486,100
2026-03-04 19:12:29,20.6,80.8,1488,100
2026-03-04 19:27:36,20.4,81.0,1487,100
2026-03-04 19:42:45,20.2,81.8,1487,100
2026-03-04 19:57:52,20.1,81.9,1490,100
2026-03-04 20:12:57,20.0,81.8,1451,100
2026-03-04 20:28:03,19.9,81.4,1484,100
2026-03-04 20:43:08,19.7,81.1,1482,100
2026-03-04 20:58:15,19.7,82.4,1489,100
2026-03-04 21:13:21,19.7,84.5,1489,100
2026-03-04 21:28:27,19.7,85.1,1411,100
2026-03-04 21:43:31,19.6,83.2,1490,100
2026-03-04 21:58:41,19.6,81.9,1520,99
2026-03-04 22:13:45,19.5,82.0,1530,98
2026-03-04 22:28:50,19.6,81.8,1482,100
2026-03-04 22:43:54,19.5,82.1,1489,100
2026-03-04 22:59:01,19.5,82.5,1485,100
2026-03-04 23:14:06,19.5,81.5,1488,100
2026-03-04 23:29:11,19.4,82.3,1485,100
2026-03-04 23:44:17,19.4,83.6,1488,100
2026-03-04 23:59:22,19.2,82.2,1483,100
2026-03-05 00:14:25,19.2,81.8,1485,100
2026-03-05 00:29:31,19.3,81.4,1479,100
2026-03-05 00:44:35,19.3,81.6,1479,100
2026-03-05 00:59:41,19.3,82.1,1478,100
2026-03-05 01:14:48,19.3,84.3,1483,100
2026-03-05 01:29:53,19.3,84.9,1382,100
2026-03-05 01:44:58,19.2,86.0,1475,100
2026-03-05 02:00:03,19.2,86.5,1480,100
2026-03-05 02:15:10,19.1,86.2,1488,100
2026-03-05 02:30:14,19.1,87.0,1488,100
2026-03-05 02:45:19,19.0,87.3,1487,100
2026-03-05 03:00:22,19.0,87.1,1490,100
2026-03-05 03:15:26,18.9,86.5,1488,100
2026-03-05 03:30:30,18.8,87.0,1488,100
2026-03-05 03:45:35,18.8,85.3,1490,100
2026-03-05 04:00:40,18.8,83.7,1489,100
2026-03-05 04:15:52,18.8,85.1,1491,100
2026-03-05 04:30:58,18.8,85.6,1525,99
2026-03-05 04:46:04,18.8,87.0,1490,100
2026-03-05 05:01:15,18.7,87.2,1493,100
2026-03-05 05:16:20,18.7,88.3,1424,100
2026-03-05 05:31:27,18.6,88.6,1535,98
2026-03-05 05:46:30,18.5,88.3,1488,100
2026-03-05 06:01:36,18.5,88.4,1497,100
2026-03-05 06:16:41,18.4,88.5,1488,100
2026-03-05 06:31:47,18.4,88.7,1498,100
2026-03-05 06:46:50,18.3,88.4,1493,100
2026-03-05 07:01:54,18.2,85.3,1498,100
2026-03-05 07:16:58,18.3,84.6,1497,100
2026-03-05 07:32:03,18.2,85.2,1488,100
2026-03-05 07:47:08,18.3,88.0,1359,100
2026-03-05 08:02:12,18.3,87.8,1507,99
2026-03-05 08:17:18,18.2,89.2,1613,95
2026-03-05 08:32:23,18.1,88.9,1498,100
2026-03-05 08:47:28,18.0,87.9,1488,100
2026-03-05 09:02:31,17.9,88.0,1493,100
2026-03-05 09:17:35,17.9,89.3,1494,100
2026-03-05 09:32:43,17.9,88.4,1495,100
2026-03-05 09:47:46,17.8,89.8,1495,100
2026-03-05 10:02:51,17.7,89.7,1492,100
2026-03-05 10:17:56,17.7,88.5,1520,99
2026-03-05 10:33:01,17.7,87.8,1497,100
2026-03-05 10:48:07,17.7,88.4,1501,99
2026-03-05 11:03:11,17.7,88.2,1501,99
2026-03-05 11:18:15,17.7,89.1,1502,99
2026-03-05 11:33:20,17.7,88.4,1513,99
2026-03-05 11:48:25,17.6,88.9,1502,99
2026-03-05 12:03:31,17.6,88.8,1503,99
2026-03-05 12:18:35,17.5,89.0,1504,99
2026-03-05 12:33:39,17.4,89.2,1499,100
2026-03-05 12:48:46,17.5,86.9,1499,100
2026-03-05 13:03:51,17.5,89.7,1511,99
2026-03-05 13:34:07,17.6,88.5,1503,99
2026-03-05 13:49:10,17.8,87.7,1510,99
2026-03-05 14:04:14,18.1,85.7,1509,99
2026-03-05 14:19:21,18.3,84.9,1511,99
2026-03-05 14:34:26,18.5,83.9,1460,100
2026-03-05 14:49:31,18.8,82.4,1523,99
2026-03-05 15:04:38,18.9,81.3,1517,99
2026-03-05 15:19:43,18.7,83.0,1517,99
2026-03-05 15:34:46,18.7,85.1,1511,99
2026-03-05 15:49:52,18.8,84.9,1517,99
2026-03-05 16:04:56,18.8,84.4,1515,99
2026-03-05 16:20:08,19.2,81.9,1623,95
2026-03-05 16:35:13,19.5,81.4,1517,99
2026-03-05 16:50:16,19.6,79.7,1522,99
2026-03-05 17:05:21,19.7,80.5,1520,99
2026-03-05 17:20:27,19.8,80.1,1525,99
2026-03-05 17:35:32,20.0,79.8,1520,99
2026-03-05 17:50:38,20.2,79.1,1767,89
2026-03-05 18:05:41,20.4,77.8,1523,99
2026-03-05 18:20:47,20.9,75.0,1523,99
2026-03-05 18:35:53,21.0,75.1,1533,98
2026-03-05 18:50:59,20.8,76.3,1520,99
2026-03-05 19:06:09,20.8,75.5,1525,99
2026-03-05 19:36:26,20.5,76.0,1527,98
2026-03-05 19:51:31,20.4,76.4,1535,98
2026-03-05 20:06:38,20.3,76.9,1520,99
2026-03-05 20:21:42,20.3,77.5,1527,98
2026-03-05 20:36:45,20.3,77.0,1523,99
2026-03-05 20:51:51,20.2,77.0,1526,98
2026-03-05 21:06:56,20.1,77.0,1523,99
2026-03-05 21:22:04,19.9,77.7,1517,99
2026-03-05 21:37:09,19.9,77.5,1520,99
2026-03-05 21:52:16,20.0,76.5,1526,98
2026-03-05 22:07:19,19.9,75.3,1532,98
2026-03-05 22:22:26,19.8,79.1,1529,98
2026-03-05 22:37:31,19.8,79.2,1525,99
2026-03-05 22:52:39,19.8,79.7,1534,98
2026-03-05 23:07:44,19.8,78.2,1534,98
2026-03-05 23:22:49,19.8,78.6,1533,98
2026-03-05 23:37:54,19.7,78.6,1531,98
2026-03-05 23:52:59,19.6,80.0,1533,98
2026-03-06 00:08:08,19.5,79.2,1535,98
2026-03-06 00:23:13,19.5,79.4,1531,98
2026-03-06 00:38:20,19.5,84.0,1530,98
2026-03-06 01:08:33,19.4,76.0,1529,98
2026-03-06 01:23:37,19.3,78.5,1526,98
2026-03-06 01:38:40,19.3,81.7,1531,98
2026-03-06 01:53:43,19.3,81.1,1529,98
2026-03-06 02:08:48,19.3,81.3,1535,98
2026-03-06 02:23:55,19.3,81.5,1535,98
2026-03-06 02:39:00,19.3,82.3,1535,98
2026-03-06 02:54:03,19.2,82.6,1531,98
2026-03-06 03:09:07,19.1,82.7,1535,98
2026-03-06 03:24:12,19.1,83.8,1535,98
2026-03-06 03:39:21,19.0,83.9,1535,98
2026-03-06 03:54:25,19.0,84.2,1535,98
2026-03-06 04:09:29,18.9,84.4,1535,98
2026-03-06 04:24:34,18.9,83.7,1535,98
2026-03-06 04:39:40,18.9,84.0,1535,98
2026-03-06 04:54:43,18.8,82.9,1535,98
2026-03-06 05:25:01,18.9,83.3,1535,98
2026-03-06 05:40:10,18.9,82.7,1535,98
2026-03-06 05:55:16,18.8,83.7,1535,98
2026-03-06 06:10:21,18.8,83.7,1535,98
2026-03-06 06:25:28,18.7,84.0,1535,98
2026-03-06 06:40:32,18.7,84.7,1535,98
2026-03-06 06:55:37,18.7,83.5,1535,98
2026-03-06 07:10:42,18.6,84.9,1535,98
2026-03-06 07:25:47,18.6,84.9,1535,98
2026-03-06 07:40:53,18.5,84.1,1535,98
2026-03-06 07:55:58,18.5,84.0,1535,98
2026-03-06 08:11:01,18.5,82.8,1535,98
2026-03-06 08:26:06,18.5,83.9,1535,98
2026-03-06 08:41:15,18.6,84.7,1566,97
2026-03-06 08:56:18,18.6,84.6,1535,98
2026-03-06 09:11:23,18.5,85.8,1555,97
2026-03-06 09:26:28,18.4,86.9,1535,98
2026-03-06 09:41:31,18.3,87.0,1535,98
2026-03-06 09:56:36,18.3,87.2,1535,98
2026-03-06 10:11:41,18.2,87.2,1535,98
2026-03-06 10:26:44,18.1,87.1,1535,98
2026-03-06 10:41:49,18.0,87.0,1535,98
2026-03-06 10:56:54,18.0,86.8,1557,97
2026-03-06 11:11:58,17.9,86.8,1554,97
2026-03-06 11:27:04,17.9,86.8,1558,97
2026-03-06 11:42:09,17.9,86.3,1558,97
2026-03-06 11:57:14,17.9,86.3,1631,94
2026-03-06 12:12:21,17.9,85.5,1558,97
2026-03-06 12:27:25,17.9,85.7,1564,97
2026-03-06 12:42:30,17.9,85.9,1556,97
2026-03-06 12:57:35,17.9,86.2,1562,97
2026-03-06 13:12:41,17.8,86.0,1557,97
2026-03-06 13:27:46,17.9,82.7,1567,97
2026-03-06 13:42:50,18.2,82.0,1564,97
2026-03-06 13:57:56,18.3,80.7,1569,97
2026-03-06 14:12:59,18.5,80.8,1572,97
2026-03-06 14:28:04,18.6,80.4,1571,97
2026-03-06 14:43:09,18.7,79.6,1581,96
2026-03-06 14:58:15,18.9,78.9,1574,97
2026-03-06 15:13:18,19.0,79.3,1584,96
2026-03-06 15:28:24,19.1,79.7,1580,96
2026-03-06 15:58:34,19.3,80.1,1581,96
2026-03-06 16:13:40,19.3,80.2,1580,96
2026-03-06 16:28:43,19.6,80.7,1579,96
2026-03-06 16:43:51,19.8,80.4,1582,96
2026-03-06 17:29:22,19.9,78.6,1567,97
2026-03-06 17:44:27,20.0,80.6,1565,97
2026-03-06 17:59:33,20.0,79.3,1565,97
2026-03-06 18:14:39,20.0,79.4,1575,97
2026-03-06 18:29:46,20.1,79.5,1566,97
2026-03-06 18:44:51,20.2,79.8,1571,97
2026-03-06 18:59:56,20.3,79.3,1574,97
2026-03-06 19:15:01,20.2,78.7,1572,97
2026-03-06 19:30:05,20.1,80.3,1569,97
2026-03-06 19:45:08,20.0,81.2,1571,97
2026-03-06 20:00:14,19.9,81.7,1574,97
2026-03-06 20:15:19,19.8,81.8,1569,97
2026-03-06 20:30:24,19.8,81.6,1575,97
2026-03-06 20:45:29,19.8,81.8,1577,97
2026-03-06 21:00:34,19.8,80.7,1578,96
2026-03-06 21:30:48,20.0,81.1,1584,96
2026-03-06 21:46:00,20.1,80.0,1584,96
2026-03-06 22:01:02,20.0,80.6,1440,100
2026-03-06 22:16:09,20.0,81.0,1584,96
2026-03-06 22:31:19,19.9,80.8,1581,96
2026-03-06 23:01:39,19.8,81.5,1582,96
2026-03-06 23:16:45,19.7,81.4,1584,96
2026-03-07 00:02:11,19.7,81.0,1584,96
2026-03-07 00:32:31,19.7,81.4,1556,97
2026-03-07 01:02:48,19.7,82.7,1533,98
2026-03-07 01:17:54,19.6,80.9,1582,96
2026-03-07 01:48:13,19.6,81.9,1585,96
2026-03-07 02:03:19,19.5,80.9,1589,96
2026-03-07 02:18:28,19.5,80.0,1586,96
2026-03-07 02:33:30,19.4,79.4,1577,97
2026-03-07 03:03:48,19.4,81.0,1584,96
2026-03-07 03:18:50,19.4,80.9,1584,96
2026-03-07 03:33:53,19.5,80.1,1588,96
2026-03-07 03:48:59,19.4,81.0,1585,96
2026-03-07 04:04:04,19.3,80.3,1585,96
2026-03-07 04:19:09,19.2,81.0,1649,94
2026-03-07 04:34:13,19.2,80.6,1591,96
2026-03-07 04:49:17,19.2,80.1,1590,96
2026-03-07 05:04:21,19.1,81.0,1591,96
2026-03-07 05:19:26,19.1,81.2,1590,96
2026-03-07 05:34:31,19.0,81.3,1595,96
2026-03-07 05:49:35,19.0,80.8,1523,99
2026-03-07 06:04:38,19.0,82.0,1595,96
2026-03-07 06:19:43,18.9,80.4,1600,96
2026-03-07 06:50:01,18.9,81.1,1595,96
2026-03-07 07:05:06,18.9,81.5,1599,96
2026-03-07 07:20:11,18.9,81.4,1599,96
2026-03-07 07:35:16,18.8,81.3,1599,96
2026-03-07 07:50:21,18.8,82.5,1501,99
2026-03-07 08:05:26,18.7,82.2,1651,94
2026-03-07 08:20:31,18.6,81.3,1600,96
2026-03-07 08:35:36,18.6,81.8,1600,96
2026-03-07 08:50:41,18.6,80.7,1605,95
2026-03-07 09:05:44,18.5,80.9,1599,96
2026-03-07 09:20:50,18.5,80.3,1601,96
2026-03-07 09:35:55,18.5,81.2,1611,95
2026-03-07 09:51:00,18.5,80.1,1602,96
2026-03-07 10:06:03,18.5,80.4,1610,95
2026-03-07 10:21:07,18.5,80.6,1601,96
2026-03-07 10:36:20,18.5,80.9,1604,95
2026-03-07 10:51:25,18.5,82.0,1606,95
2026-03-07 11:06:29,18.4,80.8,1610,95
2026-03-07 11:21:33,18.4,82.2,1605,95
2026-03-07 11:36:37,18.3,79.4,1606,95
2026-03-07 11:51:40,18.3,79.3,1603,96
2026-03-07 12:06:43,18.3,81.6,1610,95
2026-03-07 12:21:49,18.2,79.3,1605,95
2026-03-07 12:36:52,18.3,81.0,1611,95
2026-03-07 12:51:59,18.3,79.5,1610,95
2026-03-07 13:07:04,18.7,78.5,1648,94
2026-03-07 13:22:09,18.9,77.0,1615,95
2026-03-07 13:37:14,19.2,76.7,1617,95
2026-03-07 13:52:18,19.4,72.9,1621,95
2026-03-07 14:07:22,19.8,71.8,1638,94
2026-03-07 14:22:25,20.0,68.1,1659,93
2026-03-07 14:37:28,20.2,69.3,1667,93
2026-03-07 14:52:34,20.1,66.3,1665,93
2026-03-07 15:07:38,20.0,70.3,1663,93
2026-03-07 15:22:41,19.9,74.3,1658,93
2026-03-07 15:37:45,20.0,78.6,1702,92
2026-03-07 15:52:50,19.6,76.0,1658,93
2026-03-07 16:08:11,19.3,77.7,1650,94
2026-03-07 16:38:31,19.8,77.6,1663,93
2026-03-07 16:53:38,19.9,78.2,1662,93
2026-03-07 17:08:41,20.0,76.8,1663,93
2026-03-07 17:23:44,20.0,78.0,1687,92
2026-03-07 17:38:47,20.1,76.8,1665,93
2026-03-07 17:53:53,20.2,77.1,1670,93
2026-03-07 18:08:56,20.3,75.9,1637,94
2026-03-07 18:23:59,20.3,76.4,1665,93
2026-03-07 18:39:03,20.3,75.9,1671,93
2026-03-07 18:54:06,20.4,76.7,1670,93
2026-03-07 19:09:11,20.3,76.5,1673,93
2026-03-07 19:24:14,20.3,76.8,1677,93
2026-03-07 19:39:16,20.3,76.6,1674,93
2026-03-07 19:54:21,20.3,76.8,1627,95
2026-03-07 20:09:25,20.2,76.7,1675,93
2026-03-07 20:24:28,20.1,76.8,1683,92
2026-03-07 20:39:33,20.1,76.7,1679,93
2026-03-07 20:54:37,20.1,77.3,1680,93
2026-03-07 21:09:41,20.0,77.0,1683,92
2026-03-07 21:24:46,20.0,75.1,1682,92
2026-03-07 21:39:50,20.0,75.2,1681,93
2026-03-07 21:54:56,20.0,76.1,1680,93
2026-03-07 22:25:13,19.8,75.1,1681,93
2026-03-07 22:40:20,19.9,75.5,1681,93
2026-03-07 22:55:41,19.7,74.2,1685,92
2026-03-07 23:10:44,19.8,76.2,1682,92
2026-03-07 23:25:46,19.9,75.6,1621,95
2026-03-07 23:56:12,19.6,74.0,1682,92
2026-03-08 00:11:15,19.5,75.7,1683,92
2026-03-08 00:56:45,19.6,76.1,1677,93
2026-03-08 01:12:23,19.8,82.5,1683,92
2026-03-08 01:27:03,19.8,80.6,1689,92
2026-03-08 01:42:12,19.7,76.8,1691,92
2026-03-08 02:27:33,19.5,75.5,1696,92
2026-03-08 02:42:40,19.4,75.9,1701,92
2026-03-08 03:13:03,19.3,76.6,1706,92
2026-03-08 03:28:06,19.3,76.1,1706,92
2026-03-08 03:43:14,19.2,76.3,1664,93
2026-03-08 03:58:17,19.3,76.3,1709,91
2026-03-08 04:13:20,19.2,75.6,1710,91
2026-03-08 04:28:26,19.2,75.7,1712,91
2026-03-08 04:43:29,19.2,75.8,1712,91
2026-03-08 04:58:32,19.1,76.9,1712,91
2026-03-08 05:13:35,19.1,77.2,1710,91
2026-03-08 05:28:39,19.1,76.1,1711,91
2026-03-08 05:43:45,19.0,76.1,1709,91
2026-03-08 05:58:48,19.0,75.9,1711,91
2026-03-08 06:13:54,18.9,75.8,1713,91
2026-03-08 06:28:57,18.8,76.3,1691,92
2026-03-08 06:44:20,18.8,76.1,1716,91
2026-03-08 06:59:12,18.8,76.0,1716,91
2026-03-08 07:14:16,18.9,77.1,1716,91
2026-03-08 07:29:20,18.8,76.0,1713,91
2026-03-08 07:44:24,18.7,76.0,1712,91
2026-03-08 07:59:28,18.7,75.9,1717,91
2026-03-08 08:14:31,18.6,76.9,1715,91
2026-03-08 08:29:37,18.5,76.6,1715,91
2026-03-08 08:44:40,18.5,75.7,1717,91
2026-03-08 08:59:44,18.7,87.8,1715,91
2026-03-08 09:14:47,18.7,76.4,1715,91
2026-03-08 09:29:51,18.6,79.3,1718,91
2026-03-08 09:44:54,18.6,81.5,1709,91
2026-03-08 09:59:59,18.6,82.1,1712,91
2026-03-08 10:15:03,18.5,81.3,1808,88
2026-03-08 10:30:08,18.4,75.4,1702,92
2026-03-08 10:45:13,18.4,73.3,1695,92
2026-03-08 11:00:18,18.3,75.2,1692,92
2026-03-08 11:15:28,18.3,74.6,1695,92
2026-03-08 11:30:29,18.3,75.2,1699,92
2026-03-08 11:45:34,18.2,72.6,1695,92
2026-03-08 12:00:38,18.1,72.1,1698,92
2026-03-08 12:15:44,18.1,74.0,1703,92
2026-03-08 12:30:48,18.1,72.1,1706,92
2026-03-08 12:45:54,18.0,76.3,1699,92
2026-03-08 13:00:57,18.0,78.6,1711,91
2026-03-08 13:16:02,18.0,75.4,1676,93
2026-03-08 13:31:07,18.1,76.7,1707,92
2026-03-08 13:46:12,18.3,73.5,1713,91
2026-03-08 14:01:17,20.3,69.1,1792,88
2026-03-08 14:16:22,22.4,63.4,1796,88
2026-03-08 14:31:25,23.3,60.6,1795,88
2026-03-08 14:46:31,21.8,61.1,1806,88
2026-03-08 15:01:36,21.7,63.2,1805,88
2026-03-08 15:16:41,21.1,63.0,1802,88
2026-03-08 15:31:45,21.0,75.6,1794,88
2026-03-08 15:32:58,20.9,76.7,1745,90
2026-03-08 15:38:15,21.1,76.3,1802,88
2026-03-08 15:53:21,21.2,75.9,1791,88
2026-03-08 16:01:32,21.2,76.2,1793,88
2026-03-08 16:04:15,21.2,76.7,1798,88
2026-03-08 16:08:52,21.3,76.6,1808,88
2026-03-08 16:09:13,21.3,77.3,1806,88
2026-03-08 16:14:34,21.4,77.4,1804,88
2026-03-08 16:39:12,21.8,72.9,1824,87
2026-03-08 16:54:17,21.8,70.2,1819,87
2026-03-08 17:09:22,21.9,78.3,1819,87
2026-03-08 17:24:25,21.7,78.0,1818,87
2026-03-08 17:39:27,21.8,78.3,1870,85
2026-03-08 17:54:33,21.9,77.1,1818,87
2026-03-08 18:09:36,21.8,76.3,1818,87
2026-03-08 18:24:39,22.0,76.1,1826,87
2026-03-08 18:39:46,22.1,74.3,1827,87
2026-03-08 18:54:51,22.3,71.7,1831,87
2026-03-08 19:09:59,22.2,74.5,1811,88
2026-03-08 19:25:04,21.7,70.7,1830,87
2026-03-08 19:40:11,21.6,76.7,1829,87
2026-03-08 19:55:16,21.4,74.6,1827,87
2026-03-08 20:10:29,21.3,79.6,1836,87
2026-03-08 20:25:36,21.1,77.5,1840,86
2026-03-08 20:40:44,20.9,74.8,1829,87
2026-03-08 21:11:12,20.7,74.8,1831,87
2026-03-08 21:26:16,20.7,73.5,1843,86
2026-03-08 21:41:21,21.1,76.0,1838,86
2026-03-08 21:56:25,21.2,75.3,1842,86
2026-03-08 22:11:29,20.8,76.5,1840,86
2026-03-08 22:26:41,20.7,74.9,1838,86
2026-03-08 22:41:49,20.5,75.6,1841,86
2026-03-08 22:56:56,20.4,75.3,1837,87
2026-03-08 23:12:00,20.3,75.8,1840,86
2026-03-08 23:27:03,20.2,75.7,1840,86
2026-03-08 23:42:13,20.2,75.8,1834,87
2026-03-08 23:57:18,20.1,76.5,1840,86
2026-03-09 00:12:23,20.1,78.4,1839,86
2026-03-09 00:27:30,20.2,78.2,1837,87
2026-03-09 00:42:33,20.2,77.7,1839,86
2026-03-09 00:57:45,20.2,77.4,1843,86
2026-03-09 01:12:47,20.1,76.7,1840,86
2026-03-09 01:27:51,20.1,76.7,1841,86
2026-03-09 01:43:02,20.0,77.3,1840,86
2026-03-09 01:58:08,19.9,77.7,1810,88
2026-03-09 02:13:13,19.8,77.5,1849,86
2026-03-09 02:28:16,19.7,77.4,1839,86
2026-03-09 02:43:20,19.7,77.9,1847,86
2026-03-09 02:58:27,19.6,78.5,1840,86
2026-03-09 03:13:32,19.6,78.7,1841,86
2026-03-09 03:28:37,19.6,78.4,1840,86
2026-03-09 03:43:41,19.6,78.0,1863,86
2026-03-09 03:58:44,19.6,77.5,1845,86
2026-03-09 04:13:48,19.5,77.3,1858,86
2026-03-09 04:28:51,19.4,77.9,1847,86
2026-03-09 04:43:55,19.4,78.2,1851,86
2026-03-09 04:59:00,19.4,78.0,1849,86
2026-03-09 05:14:06,19.3,77.8,1847,86
2026-03-09 05:29:12,19.3,77.8,1850,86
2026-03-09 05:44:16,19.3,78.6,1851,86
2026-03-09 05:59:19,19.2,78.1,1851,86
2026-03-09 06:14:27,19.2,79.3,1854,86
2026-03-09 06:29:32,19.3,78.7,1852,86
2026-03-09 06:44:37,19.2,78.9,1854,86
2026-03-09 06:59:42,19.2,80.1,1854,86
2026-03-09 07:14:47,19.2,78.6,1854,86
2026-03-09 07:29:52,19.1,79.0,1851,86
2026-03-09 07:44:57,19.1,79.1,1855,86
2026-03-09 08:00:00,19.1,79.2,1855,86
2026-03-09 08:15:03,19.0,79.3,1856,86
2026-03-09 08:30:06,19.0,79.4,1865,85
2026-03-09 08:45:11,19.0,79.3,1857,86
2026-03-09 09:00:16,19.0,79.5,1855,86
2026-03-09 09:15:21,19.0,79.8,1859,86
2026-03-09 09:30:24,19.1,89.8,1857,86
2026-03-09 09:45:27,19.1,82.2,1859,86
2026-03-09 10:00:30,19.0,82.4,1862,86
2026-03-09 10:15:33,19.0,82.0,1859,86
2026-03-09 10:30:36,18.9,79.5,1862,86
2026-03-09 10:45:41,18.8,78.4,1857,86
2026-03-09 11:00:48,18.8,78.2,1823,87
2026-03-09 11:15:51,18.7,78.7,1861,86
2026-03-09 11:30:55,18.7,80.1,1865,85
2026-03-09 11:46:00,18.7,79.0,1868,85
2026-03-09 12:01:03,18.6,82.2,1867,85
2026-03-09 12:16:07,18.6,82.6,1863,86
2026-03-09 12:31:12,18.6,83.0,1850,86
2026-03-09 12:46:17,18.7,83.1,1871,85
2026-03-09 13:01:25,18.7,77.5,1866,85
2026-03-09 13:16:31,18.8,81.2,1869,85
2026-03-09 13:31:36,19.0,78.1,1870,85
2026-03-09 13:46:41,19.2,75.0,1831,87
2026-03-09 14:01:49,19.4,77.0,1874,85
2026-03-09 14:16:52,19.7,76.9,1873,85
2026-03-09 14:47:08,20.1,79.6,1878,85
2026-03-09 15:02:14,20.3,75.7,1886,85
2026-03-09 15:17:19,20.4,80.6,2163,74
2026-03-09 15:32:26,20.4,81.5,1877,85
2026-03-09 15:47:30,20.8,79.3,1878,85
2026-03-09 16:17:38,21.5,80.9,1879,85
2026-03-09 16:32:43,21.7,82.3,1885,85
2026-03-09 16:47:47,21.5,81.9,2134,75
2026-03-09 17:02:50,21.4,81.8,1874,85
2026-03-09 17:17:55,21.4,82.1,1877,85
2026-03-09 17:32:59,21.5,83.9,1874,85
2026-03-09 17:48:06,21.6,78.6,1869,85
2026-03-09 18:03:11,21.8,78.1,1874,85
2026-03-09 18:18:23,21.9,81.8,1872,85
2026-03-09 18:33:29,21.9,77.9,1920,83
2026-03-09 19:03:47,22.1,81.0,1875,85
2026-03-09 19:18:51,22.1,80.5,1875,85
2026-03-09 19:33:57,21.9,84.1,1870,85
2026-03-09 19:49:02,21.8,84.3,1872,85
2026-03-09 20:04:08,21.6,88.0,1833,87
2026-03-09 20:19:14,21.5,81.2,1872,85
2026-03-09 20:34:22,21.2,80.4,1886,85
2026-03-09 20:49:28,21.1,81.6,1863,86
2026-03-09 21:04:31,21.1,81.4,1877,85
2026-03-09 21:19:39,21.1,83.5,1872,85
2026-03-09 21:34:52,20.9,83.6,1936,83
2026-03-09 22:05:39,20.7,82.8,1871,85
2026-03-09 22:20:51,20.6,83.2,1858,86
2026-03-09 22:36:14,20.6,83.6,1975,81
2026-03-09 22:51:02,20.5,84.1,1872,85
2026-03-09 23:06:08,20.5,83.8,1872,85
2026-03-09 23:36:29,20.5,87.1,1857,86
2026-03-09 23:51:32,20.5,84.1,1871,85
2026-03-10 00:06:35,20.6,88.3,1890,84
2026-03-10 00:36:51,20.5,92.4,1889,85
2026-03-10 00:51:58,20.5,90.0,1883,85
2026-03-10 01:07:02,20.4,89.9,1883,85
2026-03-10 01:22:06,20.3,85.0,1888,85
2026-03-10 01:37:09,20.3,87.3,1883,85
2026-03-10 01:52:14,20.2,86.5,1943,82
2026-03-10 02:07:20,20.2,92.9,1927,83
2026-03-10 02:22:26,20.2,92.5,1890,84
2026-03-10 02:37:31,20.2,93.3,1889,85
2026-03-10 02:52:36,20.2,92.9,1886,85
2026-03-10 03:07:39,20.2,89.3,1888,85
2026-03-10 03:22:42,20.2,89.7,1888,85
2026-03-10 03:37:46,20.1,87.7,1887,85
2026-03-10 03:52:49,20.1,89.1,1886,85
2026-03-10 04:07:53,20.1,91.9,1885,85
2026-03-10 04:22:59,20.1,93.7,1890,84
2026-03-10 04:38:04,20.1,93.6,1890,84
2026-03-10 04:53:10,20.1,94.2,1892,84
2026-03-10 05:08:13,20.0,94.6,1890,84
2026-03-10 05:23:16,20.1,94.5,1894,84
2026-03-10 05:38:23,20.1,94.5,1891,84
2026-03-10 05:53:27,20.1,89.1,1895,84
2026-03-10 06:08:32,20.1,91.3,1898,84
2026-03-10 06:23:36,20.0,91.8,1891,84
2026-03-10 06:38:40,20.0,92.3,1893,84
2026-03-10 06:53:43,19.9,91.4,1894,84
2026-03-10 07:08:48,19.9,89.8,1891,84
2026-03-10 07:23:52,19.9,92.4,1879,85
2026-03-10 07:38:55,19.8,90.2,1891,84
2026-03-10 07:53:58,19.8,91.6,1890,84
2026-03-10 08:09:04,19.8,86.1,1891,84
2026-03-10 08:24:09,19.8,86.4,1893,84
2026-03-10 08:39:14,19.8,86.4,1893,84
2026-03-10 08:54:17,19.7,87.9,1894,84
2026-03-10 09:09:20,19.6,86.2,1893,84
2026-03-10 09:24:23,19.7,88.4,1891,84
2026-03-10 09:39:26,19.6,89.2,1893,84
2026-03-10 09:54:29,19.5,90.2,1888,85
2026-03-10 10:09:34,19.4,89.8,1889,85
2026-03-10 10:24:37,19.3,89.7,1900,84
2026-03-10 10:39:40,19.3,89.6,1890,84
2026-03-10 10:54:44,19.3,89.4,1891,84
2026-03-10 11:09:49,19.3,89.8,1904,84
2026-03-10 11:24:53,19.3,89.3,1894,84
2026-03-10 11:39:57,19.2,89.2,1892,84
2026-03-10 11:55:01,19.2,89.0,1893,84
2026-03-10 12:10:04,19.1,88.7,1895,84
2026-03-10 12:25:07,19.1,89.6,1897,84
2026-03-10 12:40:14,19.1,89.8,1891,84
2026-03-10 12:55:16,19.1,89.8,2128,75
2026-03-10 13:10:22,19.1,91.6,1891,84
2026-03-10 13:25:28,19.1,90.1,1889,85
2026-03-10 13:40:38,19.1,92.9,1883,85
2026-03-10 13:55:46,19.2,91.9,1895,84
2026-03-10 14:10:53,19.4,93.7,1894,84
2026-03-10 14:25:58,19.6,94.9,1893,84
2026-03-10 14:41:05,19.7,92.9,1891,84
2026-03-10 14:56:09,19.9,87.7,1895,84
2026-03-10 15:11:18,19.9,92.5,1893,84
2026-03-10 15:26:24,20.1,85.7,2035,79
2026-03-10 15:41:29,20.3,83.5,1904,84
2026-03-10 15:56:35,20.6,83.6,1894,84
2026-03-10 16:11:41,20.4,84.9,1902,84
2026-03-10 16:26:47,20.5,83.9,1895,84
2026-03-10 16:41:53,20.4,88.6,1895,84
2026-03-10 16:56:58,20.4,82.4,1891,84
2026-03-10 17:12:03,20.9,85.8,1869,85
2026-03-10 17:27:07,20.9,81.0,1872,85
2026-03-10 18:12:22,20.5,84.4,1876,85
2026-03-10 18:27:27,20.5,84.4,1879,85
2026-03-10 18:57:46,20.1,85.2,1880,85
2026-03-10 19:12:50,20.1,86.0,1877,85
2026-03-10 19:27:58,20.0,86.7,1890,84
2026-03-10 19:58:19,20.4,91.1,1890,84
2026-03-10 20:28:34,20.3,94.9,1899,84
2026-03-10 20:43:38,20.2,91.0,1902,84
2026-03-10 20:58:50,20.1,90.0,1893,84
2026-03-10 21:29:09,19.9,90.6,1894,84
2026-03-10 21:44:12,19.8,90.5,1892,84
2026-03-10 21:59:21,19.8,90.7,1895,84
2026-03-10 22:14:29,19.9,92.1,1894,84
2026-03-10 22:44:44,20.0,95.0,1904,84
2026-03-10 23:30:13,20.0,94.6,1900,84
2026-03-11 00:00:30,20.0,95.5,1907,84
2026-03-11 00:15:35,20.0,90.6,1910,84
2026-03-11 03:02:21,19.6,88.3,1906,84
2026-03-11 04:03:02,19.3,87.8,1911,84
2026-03-11 04:48:43,19.3,88.8,1910,84
2026-03-11 05:03:51,19.3,88.2,1908,84
2026-03-11 05:18:55,19.2,89.0,1909,84
2026-03-11 05:33:58,19.3,88.8,1906,84
2026-03-11 05:49:15,19.3,88.5,1911,84
2026-03-11 06:04:13,19.3,93.4,1913,84
2026-03-11 06:19:17,19.3,88.5,2032,79
2026-03-11 06:34:22,19.2,88.8,1906,84
2026-03-11 06:49:26,19.2,88.5,1907,84
2026-03-11 07:04:32,19.1,88.8,1910,84
2026-03-11 07:19:39,19.1,88.7,1909,84
2026-03-11 07:34:42,19.1,89.4,1908,84
2026-03-11 07:49:45,19.0,89.1,1908,84
2026-03-11 08:04:50,19.0,89.1,1910,84
2026-03-11 08:19:53,19.0,89.6,1909,84
2026-03-11 08:35:02,19.0,89.3,1910,84
2026-03-11 09:05:16,19.1,92.0,1907,84
2026-03-11 09:35:36,19.1,89.7,1905,84
2026-03-11 09:50:38,18.9,87.9,1905,84
2026-03-11 10:05:42,18.8,87.9,1905,84
2026-03-11 10:20:45,18.8,87.8,1906,84
2026-03-11 10:35:48,18.7,87.3,1907,84
2026-03-11 10:50:52,18.7,87.7,1905,84
2026-03-11 11:05:56,18.6,87.0,1904,84
2026-03-11 11:20:59,18.6,87.4,1904,84
2026-03-11 11:36:05,18.6,87.6,1904,84
2026-03-11 11:51:10,18.6,88.2,1904,84
2026-03-11 12:06:14,18.6,88.7,1906,84
2026-03-11 12:21:20,18.6,88.9,1904,84
2026-03-11 12:36:24,18.7,88.6,1907,84
2026-03-11 12:51:29,18.7,88.7,1898,84
2026-03-11 13:06:35,18.7,91.6,1906,84
2026-03-11 13:21:40,18.8,92.8,1906,84
2026-03-11 13:36:45,18.9,93.9,1909,84
2026-03-11 13:51:49,18.9,94.3,1910,84
2026-03-11 14:06:52,19.0,93.3,1906,84
2026-03-11 14:21:55,19.0,94.2,1907,84
2026-03-11 14:36:58,19.0,90.9,1907,84
2026-03-11 14:52:04,19.0,90.4,1904,84
2026-03-11 15:07:09,19.0,93.0,1915,84
2026-03-11 15:22:11,19.0,92.9,1914,84
2026-03-11 15:37:16,19.1,93.2,1921,83
2026-03-11 15:52:19,19.1,92.5,1910,84
2026-03-11 16:07:24,19.2,92.8,1910,84
2026-03-11 16:22:28,19.2,88.4,1921,83
2026-03-11 16:37:33,19.1,84.3,1921,83
2026-03-11 16:52:38,19.3,87.9,1924,83
2026-03-11 17:07:44,19.0,85.6,1919,83
2026-03-11 17:22:49,19.1,94.1,1925,83
2026-03-11 17:37:54,19.0,88.4,1902,84
2026-03-11 17:52:58,19.3,87.4,1918,83
2026-03-11 18:08:02,19.4,87.3,1918,83
2026-03-11 18:38:19,19.1,89.1,1909,84
2026-03-11 18:53:26,19.2,90.7,1904,84
2026-03-11 19:23:45,19.1,91.0,1904,84
2026-03-11 19:39:04,19.1,90.7,1905,84
2026-03-14 18:36:39,19.6,92.9,1963,82
2026-03-14 18:51:42,19.2,85.6,1950,82
2026-03-14 19:06:45,18.9,83.4,1952,82
2026-03-14 19:21:47,19.1,81.3,1953,82
2026-03-14 19:36:50,19.0,80.0,1951,82
2026-03-14 19:51:53,18.9,81.7,1962,82
2026-03-14 19:55:42,18.8,82.2,2026,79
2026-03-14 19:58:31,19.0,83.5,2025,79
2026-03-14 19:58:44,19.0,83.6,2022,79
2026-03-14 19:59:21,19.0,83.9,2023,79
2026-03-14 19:59:37,19.0,83.4,2023,79
